<?xml version="1.0" encoding="UTF-8"?>
<project-private xmlns="http://www.netbeans.org/ns/project-private/1">
    <editor-bookmarks xmlns="http://www.netbeans.org/ns/editor-bookmarks/2" lastBookmarkId="0"/>
    <open-files xmlns="http://www.netbeans.org/ns/projectui-open-files/2">
        <group>
            <file>file:/Users/tifanycantillo/Desktop/TiendaLaModaProyecto/src/TiendaLaModa/DBConnection.java</file>
            <file>file:/Users/tifanycantillo/Desktop/TiendaLaModaProyecto/src/TiendaLaModa/AgregarEmpleados.java</file>
            <file>file:/Users/tifanycantillo/Desktop/TiendaLaModaProyecto/src/TiendaLaModa/Login.java</file>
            <file>file:/Users/tifanycantillo/Desktop/TiendaLaModaProyecto/src/TiendaLaModa/Editardatosdeempleados.java</file>
            <file>file:/Users/tifanycantillo/Desktop/TiendaLaModaProyecto/src/TiendaLaModa/BorrarEmpleados.java</file>
        </group>
    </open-files>
</project-private>
